{
    "ABW": "Aruba",
    "AFG": "Afghanistan",
    "AGO": "Angola",
    "AIA": "Anguilla",
    "ALA": "Finland",
    "ALB": "Albania",
    "AND": "Andorra",
    "ARE": "United Arab Emirates",
    "ARG": "Argentina",
    "ARM": "Armenia",
    "ASM": "American Samoa",
    "ATA": "Antarctica",
    "ATF": "French Southern Territories",
    "ATG": "Antigua and Barbuda",
    "AUS": "Australia",
    "AUT": "Austria",
    "AZE": "Azerbaijan",
    "BDI": "Burundi",
    "BEL": "Belgium",
    "BEN": "Benin",
    "BES": "Netherlands Antilles",
    "BFA": "Burkina Faso",
    "BGD": "Bangladesh",
    "BGR": "Bulgaria",
    "BHR": "Bahrain",
    "BHS": "Bahamas",
    "BIH": "Bosnia and Herzegovina",
    "BLM": "Saint Barthélemy",
    "BLR": "Belarus",
    "BLZ": "Belize",
    "BMU": "Bermuda",
    "BOL": "Bolivia",
    "BRA": "Brazil",
    "BRB": "Barbados",
    "BRN": "Brunei (Darussalam)",
    "BTN": "Bhutan",
    "BVT": "Bouvet Island",
    "BWA": "Botswana",
    "CAF": "Central African Republic",
    "CAN": "Canada",
    "CCK": "Cocos Islands",
    "CHE": "Switzerland",
    "CHL": "Chile",
    "CHN": "China",
    "CIV": "Ivory Coast",
    "CMR": "Cameroon",
    "COD": "Democratic Republic of Congo",
    "COG": "Republic of Congo",
    "COK": "Cook Islands",
    "COL": "Colombia",
    "COM": "Comoros",
    "CPV": "Cape Verde",
    "CRI": "Costa Rica",
    "CSK": "Czechoslovakia",
    "CUB": "Cuba",
    "CUW": "Netherlands Antilles",
    "CXR": "Christmas Island",
    "CYM": "Cayman Islands",
    "CYP": "Cyprus",
    "CYN": "Cyprus",
    "CZE": "Czech Republic",
    "DDR": "East Germany",
    "DEU": "Germany",
    "DEUE": "German Empire",
    "DJI": "Djibouti",
    "DMA": "Dominica",
    "DNK": "Denmark",
    "DOM": "Dominican Republic",
    "DZA": "Algeria",
    "ECU": "Ecuador",
    "EGY": "Egypt",
    "ENG": "England",
    "ERI": "Eritrea",
    "ESH": "Western Sahara",
    "ESP": "Spain",
    "EST": "Estonia",
    "ETH": "Ethiopia",
    "FIN": "Finland",
    "FJI": "Fiji",
    "FLK": "Falkland Islands",
    "FRA": "France",
    "FRO": "Faroe Islands",
    "FSM": "Micronesia",
    "GAB": "Gabon",
    "GB1": "Channel Islands",
    "GBR": "United Kingdom",
    "GEO": "Georgia",
    "GGY": "Guernsey",
    "GHA": "Ghana",
    "GIB": "Gibraltar",
    "GIN": "Guinea",
    "GLP": "Guadeloupe",
    "GMB": "Gambia",
    "GNB": "Guinea-Bissau",
    "GNQ": "Equatorial Guinea",
    "GRC": "Greece",
    "GRD": "Grenada",
    "GRL": "Greenland",
    "DN1": "Greenland",
    "GTM": "Guatemala",
    "GUF": "French Guiana",
    "GUM": "Guam",
    "GUY": "Guyana",
    "HKG": "Hong Kong",
    "HMD": "Heard and McDonald Islands",
    "HND": "Honduras",
    "HRV": "Croatia",
    "HTI": "Haiti",
    "HUN": "Hungary",
    "IDN": "Indonesia",
    "IMN": "Isle of Man",
    "IND": "India",
    "IOT": "British Indian Ocean Territory",
    "IRL": "Ireland",
    "IRN": "Iran",
    "IRQ": "Iraq",
    "ISL": "Iceland",
    "ISR": "Israel",
    "ISP": "Israel/W.Bank",
    "ITA": "Italy",
    "JAM": "Jamaica",
    "JEY": "Jersey",
    "JOR": "Jordan",
    "JPN": "Japan",
    "KAS": "Siachen Glacier",
    "KAZ": "Kazakhstan",
    "KEN": "Kenya",
    "KGZ": "Kyrgyzstan",
    "KHM": "Cambodia",
    "KIA": "Kashmir, Indian administered",
    "KIR": "Kiribati",
    "KNA": "Saint Kitts and Nevis",
    "KOR": "South Korea",
    "KPA": "Kashmir, Pakistani administered",
    "-": "Gaza",
    "KWT": "Kuwait",
    "LAO": "Lao People's Dem Republic",
    "LBN": "Lebanon",
    "LBR": "Liberia",
    "LBY": "Libya",
    "LCA": "Saint Lucia",
    "LIE": "Liechtenstein",
    "LKA": "Sri Lanka",
    "LSO": "Lesotho",
    "LTU": "Lithuania",
    "LUX": "Luxembourg",
    "LVA": "Latvia",
    "MAC": "Macao",
    "MAF": "Saint Martin (French part)",
    "MAR": "Morocco",
    "MCO": "Monaco",
    "MDA": "Moldova",
    "MDG": "Madagascar",
    "MDV": "Maldives",
    "MEX": "Mexico",
    "MHL": "Marshall Islands",
    "MKD": "FYR Macedonia",
    "MLI": "Mali",
    "MLT": "Malta",
    "MMR": "Myanmar",
    "MNE": "Montenegro",
    "MNG": "Mongolia",
    "MNP": "Northern Marianas Islands",
    "MOZ": "Mozambique",
    "MRT": "Mauritania",
    "MSR": "Montserrat",
    "MTQ": "Martinique",
    "MUS": "Mauritius",
    "MWI": "Malawi",
    "MYS": "Malaysia",
    "MYT": "Mayotte",
    "NAM": "Namibia",
    "NCL": "New Caledonia",
    "NER": "Niger",
    "NFK": "Norfolk Island",
    "NGA": "Nigeria",
    "NIC": "Nicaragua",
    "NIR": "Northern Ireland",
    "NIU": "Niue",
    "NLD": "Netherlands",
    "NOR": "Norway",
    "NPL": "Nepal",
    "NRU": "Nauru",
    "NZL": "New Zealand",
    "OMN": "Oman",
    "PAK": "Pakistan",
    "PLE": "West Bank and Gaza",
    "PAN": "Panama",
    "PCN": "Pitcairn Islands",
    "PER": "Peru",
    "PGA": "Spratly Islands",
    "PHL": "Philippines",
    "PAL": "Palestinian Territories",
    "PLW": "Palau",
    "PNG": "Papua New Guinea",
    "POL": "Poland",
    "PRI": "Puerto Rico",
    "PRK": "North Korea",
    "PRS": "Prussia (Germany)",
    "PRT": "Portugal",
    "PRY": "Paraguay",
    "PSE": "Palestinian Territories",
    "PYF": "French Polynesia",
    "QAT": "Qatar",
    "REU": "Reunion Island",
    "ROU": "Romania",
    "ROM": "Romania",
    "RUS": "Russia",
    "RUSE": "Russian Empire",
    "RWA": "Rwanda",
    "SAU": "Saudi Arabia",
    "SCT": "Scotland",
    "SDN": "Sudan",
    "SEN": "Senegal",
    "SGP": "Singapore",
    "SGS": "South Georgia and Sandwich Is.",
    "SHN": "Saint Helena",
    "SJM": "Svalbard and Jan Mayen",
    "SLB": "Solomon Islands",
    "SLE": "Sierra Leone",
    "SLV": "El Salvador",
    "SMR": "San Marino",
    "SOM": "Somalia",
    "SOL": "Somaliland",
    "SPM": "Saint Pierre and Miquelon",
    "SRB": "Serbia",
    "SSD": "South Sudan",
    "SDS": "South Sudan",
    "STP": "São Tomé and Príncipe",
    "SUN": "USSR",
    "SUR": "Suriname",
    "SVK": "Slovakia",
    "SVN": "Slovenia",
    "SWE": "Sweden",
    "SWZ": "Swaziland",
    "SXM": "Netherlands Antilles",
    "SYC": "Seychelles",
    "SYR": "Syria",
    "TCA": "Turks and Caicos Islands",
    "TCD": "Chad",
    "TGO": "Togo",
    "THA": "Thailand",
    "TJK": "Tajikistan",
    "TKL": "Tokelau",
    "TKM": "Turkmenistan",
    "TLS": "Timor-Leste",
    "TON": "Tonga",
    "TTO": "Trinidad and Tobago",
    "TUN": "Tunisia",
    "TUR": "Turkey",
    "TUV": "Tuvalu",
    "TWN": "Taiwan",
    "TZA": "Tanzania",
    "UGA": "Uganda",
    "UKR": "Ukraine",
    "UMI": "US Outlying Islands",
    "URY": "Uruguay",
    "USA": "US",
    "UZB": "Uzbekistan",
    "VAT": "Vatican",
    "VCT": "St Vincent and the Grenadines",
    "VEN": "Venezuela",
    "VGB": "British Virgin Islands",
    "VIR": "American Virgin Islands",
    "VNM": "Vietnam",
    "VUT": "Vanuatu",
    "WLF": "Wallis & Futuna Islands",
    "WLS": "Wales",
    "WSB": "West Bank",
    "WSM": "Samoa",
    "XKX": "Kosovo",
    "KOS": "Kosovo",
    "YEM": "Yemen",
    "YUG": "Yugoslavia",
    "ZAF": "South Africa",
    "ZAN": "Zanzibar",
    "ZAR": "Zaire",
    "ZMB": "Zambia",
    "ZWE": "Zimbabwe"
}